scb_lan,lan,lan_kod,scb_kommun,kommun,kommun_kod,grund,alternativ
01,Stockholms län,sth,0114,Upplands Väsby,vas,kandidat,upp uvb
01,Stockholms län,sth,0115,Vallentuna,val,reserv,
01,Stockholms län,sth,0117,Österåker,ost,reserv,
01,Stockholms län,sth,0120,Värmdö,var,reserv,
01,Stockholms län,sth,0123,Järfälla,jar,reserv,
01,Stockholms län,sth,0125,Ekerö,eke,reserv,
01,Stockholms län,sth,0126,Huddinge,hud,reserv,
01,Stockholms län,sth,0127,Botkyrka,bot,reserv,
01,Stockholms län,sth,0128,Salem,sal,reserv,
01,Stockholms län,sth,0136,Haninge,han,reserv,
01,Stockholms län,sth,0138,Tyresö,tyr,reserv,
01,Stockholms län,sth,0139,Upplands-Bro,upp,reserv,
01,Stockholms län,sth,0140,Nykvarn,nyk,reserv,
01,Stockholms län,sth,0160,Täby,tab,reserv,
01,Stockholms län,sth,0162,Danderyd,dan,reserv,
01,Stockholms län,sth,0163,Sollentuna,slt,krock,sol
01,Stockholms län,sth,0180,Stockholm,sth,vedertagen,sto
01,Stockholms län,sth,0181,Södertälje,tlj,kandidat,sod stl
01,Stockholms län,sth,0182,Nacka,nac,reserv,
01,Stockholms län,sth,0183,Sundbyberg,sbb,kandidat,sun
01,Stockholms län,sth,0184,Solna,sol,reserv,
01,Stockholms län,sth,0186,Lidingö,lid,reserv,lio
01,Stockholms län,sth,0187,Vaxholm,vax,reserv,
01,Stockholms län,sth,0188,Norrtälje,nor,reserv,ntl tal
01,Stockholms län,sth,0191,Sigtuna,sig,reserv,
01,Stockholms län,sth,0192,Nynäshamn,nyn,reserv,
03,Uppsala län,upp,0305,Håbo,hab,reserv,
03,Uppsala län,upp,0319,Älvkarleby,alv,reserv,
03,Uppsala län,upp,0330,Knivsta,kni,reserv,
03,Uppsala län,upp,0331,Heby,heb,reserv,
03,Uppsala län,upp,0360,Tierp,tie,reserv,
03,Uppsala län,upp,0380,Uppsala,upp,reserv,ups
03,Uppsala län,upp,0381,Enköping,enk,reserv,
03,Uppsala län,upp,0382,Östhammar,ost,reserv,
04,Södermanlands län,sor,0428,Vingåker,vin,reserv,
04,Södermanlands län,sor,0461,Gnesta,gne,reserv,
04,Södermanlands län,sor,0480,Nyköping,nyk,reserv,
04,Södermanlands län,sor,0481,Oxelösund,oxe,reserv,
04,Södermanlands län,sor,0482,Flen,fle,reserv,
04,Södermanlands län,sor,0483,Katrineholm,kat,reserv,khm
04,Södermanlands län,sor,0484,Eskilstuna,esk,reserv,etu tun
04,Södermanlands län,sor,0486,Strängnäs,str,reserv,
04,Södermanlands län,sor,0488,Trosa,tro,reserv,
05,Östergötlands län,ost,0509,Ödeshög,ode,reserv,
05,Östergötlands län,ost,0512,Ydre,ydr,reserv,
05,Östergötlands län,ost,0513,Kinda,kin,reserv,
05,Östergötlands län,ost,0560,Boxholm,box,reserv,
05,Östergötlands län,ost,0561,Åtvidaberg,atv,reserv,
05,Östergötlands län,ost,0562,Finspång,fin,reserv,
05,Östergötlands län,ost,0563,Valdemarsvik,val,reserv,
05,Östergötlands län,ost,0580,Linköping,lkp,vedertagen,lpi
05,Östergötlands län,ost,0581,Norrköping,nkp,vedertagen,nrk
05,Östergötlands län,ost,0582,Söderköping,sod,reserv,skp sor
05,Östergötlands län,ost,0583,Motala,mot,reserv,
05,Östergötlands län,ost,0584,Vadstena,vad,reserv,
05,Östergötlands län,ost,0586,Mjölby,mjo,reserv,
06,Jönköpings län,jkp,0604,Aneby,ane,reserv,
06,Jönköpings län,jkp,0617,Gnosjö,gno,reserv,
06,Jönköpings län,jkp,0642,Mullsjö,mul,reserv,
06,Jönköpings län,jkp,0643,Habo,hab,reserv,
06,Jönköpings län,jkp,0662,Gislaved,gis,reserv,
06,Jönköpings län,jkp,0665,Vaggeryd,vag,reserv,
06,Jönköpings län,jkp,0680,Jönköping,jkp,vedertagen,jkg jon
06,Jönköpings län,jkp,0682,Nässjö,nas,reserv,nsj
06,Jönköpings län,jkp,0683,Värnamo,var,reserv,vmo
06,Jönköpings län,jkp,0684,Sävsjö,sav,reserv,
06,Jönköpings län,jkp,0685,Vetlanda,vet,reserv,
06,Jönköpings län,jkp,0686,Eksjö,eks,reserv,
06,Jönköpings län,jkp,0687,Tranås,tra,reserv,
07,Kronobergs län,kro,0760,Uppvidinge,upp,reserv,
07,Kronobergs län,kro,0761,Lessebo,les,reserv,
07,Kronobergs län,kro,0763,Tingsryd,tin,reserv,
07,Kronobergs län,kro,0764,Alvesta,alv,reserv,
07,Kronobergs län,kro,0765,Älmhult,alm,reserv,
07,Kronobergs län,kro,0767,Markaryd,mar,reserv,
07,Kronobergs län,kro,0780,Växjö,vxo,vedertagen,vax
07,Kronobergs län,kro,0781,Ljungby,lju,reserv,lby
08,Kalmar län,kal,0821,Högsby,hog,reserv,
08,Kalmar län,kal,0834,Torsås,tor,reserv,
08,Kalmar län,kal,0840,Mörbylånga,mor,reserv,
08,Kalmar län,kal,0860,Hultsfred,hul,reserv,
08,Kalmar län,kal,0861,Mönsterås,mon,reserv,
08,Kalmar län,kal,0862,Emmaboda,emm,reserv,
08,Kalmar län,kal,0880,Kalmar,kal,reserv,klr
08,Kalmar län,kal,0881,Nybro,nyb,reserv,
08,Kalmar län,kal,0882,Oskarshamn,osk,reserv,
08,Kalmar län,kal,0883,Västervik,vas,reserv,vvk vik
08,Kalmar län,kal,0884,Vimmerby,vim,reserv,
08,Kalmar län,kal,0885,Borgholm,bor,reserv,
09,Gotlands län,gtl,0980,Gotland,got,reserv,gtl vby
10,Blekinge län,blk,1060,Olofström,olo,reserv,
10,Blekinge län,blk,1080,Karlskrona,kar,reserv,kna pin
10,Blekinge län,blk,1081,Ronneby,ron,reserv,rby
10,Blekinge län,blk,1082,Karlshamn,khn,krock,kha
10,Blekinge län,blk,1083,Sölvesborg,sol,reserv,sbg
12,Skåne län,ska,1214,Svalöv,sva,reserv,
12,Skåne län,ska,1230,Staffanstorp,sta,reserv,stp
12,Skåne län,ska,1231,Burlöv,bur,reserv,
12,Skåne län,ska,1233,Vellinge,vel,reserv,
12,Skåne län,ska,1256,Östra Göinge,ost,reserv,
12,Skåne län,ska,1257,Örkelljunga,ork,reserv,
12,Skåne län,ska,1260,Bjuv,bju,reserv,
12,Skåne län,ska,1261,Kävlinge,kav,reserv,
12,Skåne län,ska,1262,Lomma,lom,reserv,
12,Skåne län,ska,1263,Svedala,sve,reserv,
12,Skåne län,ska,1264,Skurup,sku,reserv,
12,Skåne län,ska,1265,Sjöbo,sjo,reserv,
12,Skåne län,ska,1266,Hörby,hor,reserv,
12,Skåne län,ska,1267,Höör,hoo,reserv,
12,Skåne län,ska,1270,Tomelilla,tom,reserv,
12,Skåne län,ska,1272,Bromölla,bro,reserv,bma
12,Skåne län,ska,1273,Osby,osb,reserv,
12,Skåne län,ska,1275,Perstorp,per,reserv,
12,Skåne län,ska,1276,Klippan,kli,reserv,
12,Skåne län,ska,1277,Åstorp,ast,reserv,
12,Skåne län,ska,1278,Båstad,bas,reserv,
12,Skåne län,ska,1280,Malmö,mal,reserv,mmo
12,Skåne län,ska,1281,Lund,lun,reserv,
12,Skåne län,ska,1282,Landskrona,lan,reserv,lkr
12,Skåne län,ska,1283,Helsingborg,hbg,vedertagen,
12,Skåne län,ska,1284,Höganäs,hog,reserv,hns
12,Skåne län,ska,1285,Eslöv,esl,reserv,
12,Skåne län,ska,1286,Ystad,yst,reserv,ysd
12,Skåne län,ska,1287,Trelleborg,tre,reserv,tbg
12,Skåne län,ska,1290,Kristianstad,kst,kandidat,krs
12,Skåne län,ska,1291,Simrishamn,sim,reserv,
12,Skåne län,ska,1292,Ängelholm,ang,reserv,agh
12,Skåne län,ska,1293,Hässleholm,has,reserv,hlm
13,Hallands län,hal,1315,Hylte,hyl,reserv,
13,Hallands län,hal,1380,Halmstad,hst,kandidat,hal
13,Hallands län,hal,1381,Laholm,lah,reserv,
13,Hallands län,hal,1382,Falkenberg,fbg,vedertagen,
13,Hallands län,hal,1383,Varberg,vbg,vedertagen,
13,Hallands län,hal,1384,Kungsbacka,kba,vedertagen,
14,Västra Götalands län,vgr,1401,Härryda,har,reserv,
14,Västra Götalands län,vgr,1402,Partille,par,reserv,
14,Västra Götalands län,vgr,1407,Öckerö,ock,reserv,
14,Västra Götalands län,vgr,1415,Stenungsund,ste,reserv,
14,Västra Götalands län,vgr,1419,Tjörn,tjo,reserv,
14,Västra Götalands län,vgr,1421,Orust,oru,reserv,
14,Västra Götalands län,vgr,1427,Sotenäs,sot,reserv,
14,Västra Götalands län,vgr,1430,Munkedal,mun,reserv,
14,Västra Götalands län,vgr,1435,Tanum,tan,reserv,
14,Västra Götalands län,vgr,1438,Dals-Ed,dal,reserv,
14,Västra Götalands län,vgr,1439,Färgelanda,far,reserv,
14,Västra Götalands län,vgr,1440,Ale,ale,reserv,
14,Västra Götalands län,vgr,1441,Lerum,ler,reserv,
14,Västra Götalands län,vgr,1442,Vårgårda,vgd,krock,var
14,Västra Götalands län,vgr,1443,Bollebygd,bol,reserv,
14,Västra Götalands län,vgr,1444,Grästorp,gra,reserv,
14,Västra Götalands län,vgr,1445,Essunga,ess,reserv,
14,Västra Götalands län,vgr,1446,Karlsborg,kar,reserv,
14,Västra Götalands län,vgr,1447,Gullspång,gul,reserv,
14,Västra Götalands län,vgr,1452,Tranemo,tra,reserv,
14,Västra Götalands län,vgr,1460,Bengtsfors,ben,reserv,
14,Västra Götalands län,vgr,1461,Mellerud,mel,reserv,
14,Västra Götalands län,vgr,1462,Lilla Edet,lil,reserv,
14,Västra Götalands län,vgr,1463,Mark,mrk,krock,mar
14,Västra Götalands län,vgr,1465,Svenljunga,sve,reserv,
14,Västra Götalands län,vgr,1466,Herrljunga,her,reserv,
14,Västra Götalands län,vgr,1470,Vara,var,reserv,
14,Västra Götalands län,vgr,1471,Götene,got,reserv,
14,Västra Götalands län,vgr,1472,Tibro,tib,reserv,
14,Västra Götalands län,vgr,1473,Töreboda,tor,reserv,
14,Västra Götalands län,vgr,1480,Göteborg,gbg,vedertagen,got
14,Västra Götalands län,vgr,1481,Mölndal,mdl,kandidat,mol
14,Västra Götalands län,vgr,1482,Kungälv,kun,reserv,
14,Västra Götalands län,vgr,1484,Lysekil,lys,reserv,
14,Västra Götalands län,vgr,1485,Uddevalla,udd,reserv,
14,Västra Götalands län,vgr,1486,Strömstad,str,reserv,std
14,Västra Götalands län,vgr,1487,Vänersborg,vbg,kandidat,van
14,Västra Götalands län,vgr,1488,Trollhättan,thn,kandidat,tro
14,Västra Götalands län,vgr,1489,Alingsås,ali,reserv,
14,Västra Götalands län,vgr,1490,Borås,bor,reserv,bas
14,Västra Götalands län,vgr,1491,Ulricehamn,ulr,reserv,
14,Västra Götalands län,vgr,1492,Åmål,ama,reserv,
14,Västra Götalands län,vgr,1493,Mariestad,mar,reserv,
14,Västra Götalands län,vgr,1494,Lidköping,lid,reserv,lkp
14,Västra Götalands län,vgr,1495,Skara,ska,reserv,
14,Västra Götalands län,vgr,1496,Skövde,sko,reserv,sde kvb
14,Västra Götalands län,vgr,1497,Hjo,hjo,reserv,
14,Västra Götalands län,vgr,1498,Tidaholm,tid,reserv,
14,Västra Götalands län,vgr,1499,Falköping,fkp,kandidat,fal
17,Värmlands län,var,1715,Kil,kil,reserv,
17,Värmlands län,var,1730,Eda,eda,reserv,
17,Värmlands län,var,1737,Torsby,tor,reserv,
17,Värmlands län,var,1760,Storfors,sto,reserv,
17,Värmlands län,var,1761,Hammarö,ham,reserv,
17,Värmlands län,var,1762,Munkfors,mun,reserv,
17,Värmlands län,var,1763,Forshaga,for,reserv,
17,Värmlands län,var,1764,Grums,gru,reserv,
17,Värmlands län,var,1765,Årjäng,arj,reserv,
17,Värmlands län,var,1766,Sunne,sun,reserv,
17,Värmlands län,var,1780,Karlstad,kar,reserv,ksd
17,Värmlands län,var,1781,Kristinehamn,kri,reserv,khn
17,Värmlands län,var,1782,Filipstad,fil,reserv,
17,Värmlands län,var,1783,Hagfors,hag,reserv,
17,Värmlands län,var,1784,Arvika,arv,reserv,
17,Värmlands län,var,1785,Säffle,saf,reserv,
18,Örebro län,ore,1814,Lekeberg,lek,reserv,
18,Örebro län,ore,1860,Laxå,lax,reserv,
18,Örebro län,ore,1861,Hallsberg,hal,reserv,
18,Örebro län,ore,1862,Degerfors,deg,reserv,
18,Örebro län,ore,1863,Hällefors,hlf,krock,hae
18,Örebro län,ore,1864,Ljusnarsberg,lju,reserv,
18,Örebro län,ore,1880,Örebro,ore,reserv,orb
18,Örebro län,ore,1881,Kumla,kum,reserv,
18,Örebro län,ore,1882,Askersund,ask,reserv,
18,Örebro län,ore,1883,Karlskoga,kga,kandidat,kar
18,Örebro län,ore,1884,Nora,nor,reserv,
18,Örebro län,ore,1885,Lindesberg,lbg,kandidat,lin
19,Västmanlands län,vml,1904,Skinnskatteberg,ski,reserv,
19,Västmanlands län,vml,1907,Surahammar,sur,reserv,
19,Västmanlands län,vml,1960,Kungsör,kun,reserv,ksr
19,Västmanlands län,vml,1961,Hallstahammar,hal,reserv,
19,Västmanlands län,vml,1962,Norberg,nor,reserv,
19,Västmanlands län,vml,1980,Västerås,vas,reserv,vst
19,Västmanlands län,vml,1981,Sala,sal,reserv,
19,Västmanlands län,vml,1982,Fagersta,fag,reserv,
19,Västmanlands län,vml,1983,Köping,kop,reserv,
19,Västmanlands län,vml,1984,Arboga,arb,reserv,
20,Dalarnas län,dal,2021,Vansbro,van,reserv,
20,Dalarnas län,dal,2023,Malung-Sälen,mal,reserv,sal
20,Dalarnas län,dal,2026,Gagnef,gag,reserv,
20,Dalarnas län,dal,2029,Leksand,lek,reserv,lsd
20,Dalarnas län,dal,2031,Rättvik,rat,reserv,
20,Dalarnas län,dal,2034,Orsa,ors,reserv,
20,Dalarnas län,dal,2039,Älvdalen,alv,reserv,
20,Dalarnas län,dal,2061,Smedjebacken,sme,reserv,
20,Dalarnas län,dal,2062,Mora,mor,reserv,
20,Dalarnas län,dal,2080,Falun,fal,reserv,
20,Dalarnas län,dal,2081,Borlänge,blg,kandidat,bor
20,Dalarnas län,dal,2082,Säter,sat,reserv,
20,Dalarnas län,dal,2083,Hedemora,hed,reserv,
20,Dalarnas län,dal,2084,Avesta,ave,reserv,
20,Dalarnas län,dal,2085,Ludvika,lud,reserv,
21,Gävleborgs län,gav,2101,Ockelbo,ock,reserv,
21,Gävleborgs län,gav,2104,Hofors,hof,reserv,
21,Gävleborgs län,gav,2121,Ovanåker,ova,reserv,
21,Gävleborgs län,gav,2132,Nordanstig,nor,reserv,
21,Gävleborgs län,gav,2161,Ljusdal,lju,reserv,
21,Gävleborgs län,gav,2180,Gävle,gav,reserv,gvx
21,Gävleborgs län,gav,2181,Sandviken,san,reserv,
21,Gävleborgs län,gav,2182,Söderhamn,sod,reserv,soo
21,Gävleborgs län,gav,2183,Bollnäs,bol,reserv,
21,Gävleborgs län,gav,2184,Hudiksvall,hud,vedertagen,huv
22,Västernorrlands län,vnl,2260,Ånge,ang,reserv,
22,Västernorrlands län,vnl,2262,Timrå,tim,reserv,
22,Västernorrlands län,vnl,2280,Härnösand,har,reserv,hos
22,Västernorrlands län,vnl,2281,Sundsvall,sun,reserv,svl
22,Västernorrlands län,vnl,2282,Kramfors,kra,reserv,
22,Västernorrlands län,vnl,2283,Sollefteå,sol,reserv,sla
22,Västernorrlands län,vnl,2284,Örnsköldsvik,ovk,vedertagen,ovi
23,Jämtlands län,jam,2303,Ragunda,rag,reserv,
23,Jämtlands län,jam,2305,Bräcke,bra,reserv,
23,Jämtlands län,jam,2309,Krokom,kro,reserv,
23,Jämtlands län,jam,2313,Strömsund,str,reserv,
23,Jämtlands län,jam,2321,Åre,are,reserv,
23,Jämtlands län,jam,2326,Berg,ber,reserv,
23,Jämtlands län,jam,2361,Härjedalen,har,reserv,
23,Jämtlands län,jam,2380,Östersund,osd,kandidat,ost
24,Västerbottens län,vbt,2401,Nordmaling,nor,reserv,
24,Västerbottens län,vbt,2403,Bjurholm,bju,reserv,
24,Västerbottens län,vbt,2404,Vindeln,vin,reserv,
24,Västerbottens län,vbt,2409,Robertsfors,rob,reserv,
24,Västerbottens län,vbt,2417,Norsjö,nsj,krock,
24,Västerbottens län,vbt,2418,Malå,mal,reserv,
24,Västerbottens län,vbt,2421,Storuman,sto,reserv,
24,Västerbottens län,vbt,2422,Sorsele,sor,reserv,
24,Västerbottens län,vbt,2425,Dorotea,dor,reserv,
24,Västerbottens län,vbt,2460,Vännäs,van,reserv,
24,Västerbottens län,vbt,2462,Vilhelmina,vil,reserv,
24,Västerbottens län,vbt,2463,Åsele,ase,reserv,
24,Västerbottens län,vbt,2480,Umeå,ume,reserv,
24,Västerbottens län,vbt,2481,Lycksele,lyc,reserv,
24,Västerbottens län,vbt,2482,Skellefteå,ske,kandidat,ska
25,Norrbottens län,nbt,2505,Arvidsjaur,arv,reserv,
25,Norrbottens län,nbt,2506,Arjeplog,arj,reserv,
25,Norrbottens län,nbt,2510,Jokkmokk,jok,reserv,
25,Norrbottens län,nbt,2513,Överkalix,okx,krock,okl
25,Norrbottens län,nbt,2514,Kalix,kal,reserv,klx
25,Norrbottens län,nbt,2518,Övertorneå,ove,reserv,
25,Norrbottens län,nbt,2521,Pajala,paj,reserv,
25,Norrbottens län,nbt,2523,Gällivare,gal,reserv,
25,Norrbottens län,nbt,2560,Älvsbyn,alv,reserv,
25,Norrbottens län,nbt,2580,Luleå,lul,reserv,lla
25,Norrbottens län,nbt,2581,Piteå,pit,reserv,
25,Norrbottens län,nbt,2582,Boden,bod,reserv,
25,Norrbottens län,nbt,2583,Haparanda,hap,reserv,
25,Norrbottens län,nbt,2584,Kiruna,kir,reserv,krn
